<?xml version="1.0" encoding="UTF-8"?>
<project-private xmlns="http://www.netbeans.org/ns/project-private/1">
    <editor-bookmarks xmlns="http://www.netbeans.org/ns/editor-bookmarks/2" lastBookmarkId="0"/>
    <open-files xmlns="http://www.netbeans.org/ns/projectui-open-files/2">
        <group>
            <file>file:/D:/Documenten/School/KU%20Leuven/Master%20Ingenieurswetenschappen/1ste%20Master/Semester%201/Gedistribueerde%20systemen/Opdrachten/gedistribueerde-systemen/assignment-JEE-1/CarRental-client/src/java/client/AbstractTestAgency.java</file>
            <file>file:/D:/Documenten/School/KU%20Leuven/Master%20Ingenieurswetenschappen/1ste%20Master/Semester%201/Gedistribueerde%20systemen/Opdrachten/gedistribueerde-systemen/assignment-JEE-1/CarRental-client/src/java/client/AbstractTesting.java</file>
            <file>file:/D:/Documenten/School/KU%20Leuven/Master%20Ingenieurswetenschappen/1ste%20Master/Semester%201/Gedistribueerde%20systemen/Opdrachten/gedistribueerde-systemen/assignment-JEE-1/CarRental-client/src/java/client/Main.java</file>
        </group>
    </open-files>
</project-private>
