<?xml version="1.0" encoding="UTF-8"?>
<project-private xmlns="http://www.netbeans.org/ns/project-private/1">
    <open-files xmlns="http://www.netbeans.org/ns/projectui-open-files/2">
        <group>
            <file>file:/D:/Documenten/School/KU%20Leuven/Master%20Ingenieurswetenschappen/1ste%20Master/Semester%201/Gedistribueerde%20systemen/Opdrachten/gedistribueerde-systemen/assignment-JEE-1/CarRental-lib/src/rental/Reservation.java</file>
            <file>file:/D:/Documenten/School/KU%20Leuven/Master%20Ingenieurswetenschappen/1ste%20Master/Semester%201/Gedistribueerde%20systemen/Opdrachten/gedistribueerde-systemen/assignment-JEE-1/CarRental-lib/src/session/CarRentalSessionRemote.java</file>
            <file>file:/D:/Documenten/School/KU%20Leuven/Master%20Ingenieurswetenschappen/1ste%20Master/Semester%201/Gedistribueerde%20systemen/Opdrachten/gedistribueerde-systemen/assignment-JEE-1/CarRental-lib/src/rental/Quote.java</file>
            <file>file:/D:/Documenten/School/KU%20Leuven/Master%20Ingenieurswetenschappen/1ste%20Master/Semester%201/Gedistribueerde%20systemen/Opdrachten/gedistribueerde-systemen/assignment-JEE-1/CarRental-lib/src/session/ManagerSessionRemote.java</file>
        </group>
    </open-files>
</project-private>
